{
    "732-555-5509": "Damodhar",
    "609-555-2301": "Tom",
    "609-555-5508": "Kunal",
    "609-555-0326": "Bhargavi",
    "732-555-1919": "Shanmukhi",
    "732-555-4109": "Matt",
    "732-555-0021": "Mohit",
    "609-555-4030": "Ryan",
    "609-555-1102": "Durga",
    "418-555-4321": "Dhanush",
    "609-555-9181": "Bhaskara",
    "732-555-5508": "Swetha",
    "732-555-8123": "Devarsh",
    "732-555-2181": "Thanmayi",
    "609-555-7522": "Mohammad",
    "609-555-3289": "Keith",
    "609-555-5509": "Nimay",
    "732-555-1112": "Pranit",
    "732-555-1813": "Dhruvik",
    "732-555-1812": "Parth",
    "418-555-0123": "Rajkumar",
    "609-555-1290": "Saurabh",
    "609-555-6090": "Sri",
    "732-555-9001": "Shivrishvith",
    "732-555-4198": "Pranav",
    "609-555-4031": "Venkat",
    "732-555-2222": "Nirmal",
    "609-555-2000": "Karthik",
    "609-555-9189": "Sarathi",
    "732-555-0124": "Jennifer"
}
